term,odds_ratio,ci_low,ci_high,p_value
education_z,0.9292066611,0.5093972866,1.6949933613,0.8107895381
log_income_z,0.865863881,0.4600019466,1.6298197561,0.6553743556
hh_size_z,0.9185676475,0.5337617977,1.5807922685,0.7590971955
woman_head,1.6221643725,0.5271052864,4.9922042509,0.3989674439
