term,odds_ratio,ci_low,ci_high,p_value
education_z,0.929206661113477,0.5093972865897995,1.69499336134655,0.8107895381270467
log_income_z,0.8658638809634448,0.4600019465685333,1.6298197560896224,0.6553743555844574
hh_size_z,0.9185676474615513,0.5337617976726771,1.5807922684651898,0.7590971955256366
woman_head,1.6221643724735586,0.5271052863728788,4.9922042509379185,0.3989674439058033
